10.1200/JCO.2017.74.9705	//sci-hub.se/downloads/2019-04-07/ea/vonmehren2017.pdf
10.1182/blood-2017-06-743252	https://twin.sci-hub.se/6540/e8ea7eae81d28e1e41d61d478c769bd3/tasian2017.pdf
10.1016/j.ctrv.2016.11.011	https://twin.sci-hub.se/6284/e774272da7ea006009d40095deb488da/poveda2017.pdf
10.1097/PAP.0000000000000158	https://twin.sci-hub.se/6543/037b789e945b451b90dba7843f333809/schaefer2017.pdf
10.5858/arpa.2019-0194-RA	//sci-hub.se/downloads/2019-10-25/e7/10.5858@arpa.2019-0194-RA.pdf
10.3390/cancers12102972	//sci-hub.se/downloads/2020-10-20//a0/10.3390@cancers12102972.pdf
10.21037/tgh.2018.10.13	//sci-hub.se/downloads/2020-01-30/40/kays2018.pdf
10.4132/jptm.2017.03.08	https://sci-hub.se/tree/f2/52/f25239f09209796e41ee79c657b09eda.pdf
10.21037/tgh.2018.01.02	//sci-hub.se/downloads/2019-02-10/61/niinuma2018.pdf
10.1093/annonc/mdy309	https://twin.sci-hub.se/7057/7cf913fcd83b4910d5d0ef101c0e4bbf/hemming2018.pdf
10.1684/bdc.2010.1213	https://zero.sci-hub.se/4493/101bc032681e8731ae61aaeedb9ec768/coindre2010.pdf
10.1177/1758835920986498	//sci-hub.se/downloads/2021-05-17/14/lostes-bardaji2021.pdf
10.3390/ijms21093313	//sci-hub.se/downloads/2020-05-13/85/astolfi2020.pdf
10.1007/s00384-011-1353-y	https://zero.sci-hub.se/1262/5ba2425bc1fee4ca36f80b0963367370/beham2011.pdf
10.1007/s12253-011-9362-2	https://zero.sci-hub.se/824/83cf0009f479438eb10d10c3da3dea40/10.1007@s12253-011-9362-2.pdf
10.1093/annonc/mdl274	https://moscow.sci-hub.se/3548/c23826fe42b643461c4f369badc36559/joensuu2006.pdf
10.1002/cncr.23778	https://zero.sci-hub.se/114/5dc4b83eda230e88073d24dc83267270/yang2008.pdf
10.1177/1758834014522491	https://moscow.sci-hub.se/4192/b3f73e00ac61c2c74ef219d729ec98ec/serrano2014.pdf
10.21037/tgh.2017.12.07	//sci-hub.se/downloads/2019-02-10/e5/sawaki2017.pdf
10.1111/j.1582-4934.2009.00983.x	https://moscow.sci-hub.se/1461/e484e13d7abe7d3bab30e9184f29d058/lopes2009.pdf
10.21037/tgh.2019.03.07	//sci-hub.se/downloads/2019-07-19/10/10.21037@tgh.2019.03.07.pdf
10.3389/fonc.2018.00135	https://twin.sci-hub.se/7010/fc09c02b7d09ab4954753ea225f9e2ab/mei2018.pdf
10.1182/blood-2004-01-0246	https://twin.sci-hub.se/5904/7b3a84341697ae5a54b160966580461e/pardanani2004.pdf
10.3389/fmed.2014.00043	https://twin.sci-hub.se/7017/22c4428c9a7e25fd85eb1792d52c1d67/tornillo2014.pdf
10.5858/arpa.2011-0022-RA	https://zero.sci-hub.se/3818/ef16fdcfd8d25b702996ab7ec0f9ded4/patil2011.pdf
10.1159/000380788	https://zero.sci-hub.se/4899/c94e2542557befafa0618415e862b553/garlipp2015.pdf
10.1007/s12029-014-9615-x	https://zero.sci-hub.se/2636/4b7251ef10a3a714399f24706d01d6a0/jones2014.pdf
10.1002/ajh.23667	https://zero.sci-hub.se/2414/7dc4a538b31675f6ec29884737566e6f/elliott2014.pdf
